{"cameraMode":{"drawMode":0,"name":"Shaded","section":"Shading Mode"},"sceneLighting":false,"audioPlay":false,"sceneViewState":{"showFog":true,"showMaterialUpdate":true,"showSkybox":true,"showFlares":true,"showImageEffects":true,"showParticleSystems":true},"in2DMode":false,"pivot":{"x":1.1327800750732422,"y":-1.5301227569580079,"z":0.6714591979980469},"rotation":{"x":-0.10748575627803803,"y":0.8584993481636047,"z":-0.20085230469703675,"w":-0.4594389498233795},"size":10.453567504882813,"orthographic":false}