{"cameraMode":{"drawMode":0,"name":"Shaded","section":"Shading Mode"},"sceneLighting":false,"audioPlay":false,"sceneViewState":{"showFog":true,"showMaterialUpdate":true,"showSkybox":true,"showFlares":true,"showImageEffects":true,"showParticleSystems":true},"in2DMode":false,"pivot":{"x":0.4097927212715149,"y":0.31113988161087038,"z":-1.1319403648376465},"rotation":{"x":-0.3193005621433258,"y":0.3123926818370819,"z":-0.11238177865743637,"w":-0.8875969052314758},"size":1.0013389587402344,"orthographic":false}