{"cameraMode":{"drawMode":0,"name":"Shaded","section":"Shading Mode"},"sceneLighting":false,"audioPlay":false,"sceneViewState":{"showFog":true,"showMaterialUpdate":true,"showSkybox":true,"showFlares":true,"showImageEffects":true,"showParticleSystems":true},"in2DMode":false,"pivot":{"x":-21.779542922973634,"y":21.667369842529298,"z":55.45592498779297},"rotation":{"x":-0.023938847705721856,"y":0.9666282534599304,"z":-0.23534426093101502,"w":-0.0983361005783081},"size":22.0,"orthographic":false}