{"cameraMode":{"drawMode":0,"name":"Shaded","section":"Shading Mode"},"sceneLighting":false,"audioPlay":false,"sceneViewState":{"showFog":true,"showMaterialUpdate":true,"showSkybox":true,"showFlares":true,"showImageEffects":true,"showParticleSystems":true},"in2DMode":false,"pivot":{"x":-2.9817986488342287,"y":1.5442142486572266,"z":-16.757465362548829},"rotation":{"x":-0.07802673429250717,"y":0.5443180203437805,"z":-0.05094742402434349,"w":-0.8336870670318604},"size":22.0,"orthographic":false}