{"cameraMode":{"drawMode":0,"name":"Shaded","section":"Shading Mode"},"sceneLighting":false,"audioPlay":false,"sceneViewState":{"showFog":true,"showMaterialUpdate":true,"showSkybox":true,"showFlares":true,"showImageEffects":true,"showParticleSystems":true},"in2DMode":false,"pivot":{"x":3.999999523162842,"y":-0.21688178181648255,"z":3.9900002479553224},"rotation":{"x":0.24105294048786164,"y":-0.2596277892589569,"z":0.06709785014390946,"w":0.9327297806739807},"size":23.360397338867189,"orthographic":false}