{"cameraMode":{"drawMode":0,"name":"Shaded","section":"Shading Mode"},"sceneLighting":false,"audioPlay":false,"sceneViewState":{"showFog":true,"showMaterialUpdate":true,"showSkybox":true,"showFlares":true,"showImageEffects":true,"showParticleSystems":true},"in2DMode":false,"pivot":{"x":1.6957855224609376,"y":-5.377673625946045,"z":6.199604511260986},"rotation":{"x":-0.2490486204624176,"y":0.6750727891921997,"z":-0.261311799287796,"w":-0.643403172492981},"size":10.888235092163086,"orthographic":false}