{"cameraMode":{"drawMode":0,"name":"Shaded","section":"Shading Mode"},"sceneLighting":false,"audioPlay":false,"sceneViewState":{"showFog":true,"showMaterialUpdate":true,"showSkybox":true,"showFlares":true,"showImageEffects":true,"showParticleSystems":true},"in2DMode":false,"pivot":{"x":-29.351940155029298,"y":-11.014090538024903,"z":3.2938506603240969},"rotation":{"x":-0.13196346163749696,"y":0.6558384895324707,"z":-0.11793731153011322,"w":-0.7338612675666809},"size":33.504451751708987,"orthographic":false}