{"cameraMode":{"drawMode":0,"name":"Shaded","section":"Shading Mode"},"sceneLighting":false,"audioPlay":false,"sceneViewState":{"showFog":true,"showMaterialUpdate":true,"showSkybox":true,"showFlares":true,"showImageEffects":true,"showParticleSystems":true},"in2DMode":false,"pivot":{"x":5.421509265899658,"y":-7.17391300201416,"z":-2.7333984375},"rotation":{"x":-0.011480526998639107,"y":-0.9631088376045227,"z":0.2656257152557373,"w":-0.041625142097473147},"size":23.360397338867189,"orthographic":false}