{"cameraMode":{"drawMode":0,"name":"Shaded","section":"Shading Mode"},"sceneLighting":false,"audioPlay":false,"sceneViewState":{"showFog":true,"showMaterialUpdate":true,"showSkybox":true,"showFlares":true,"showImageEffects":true,"showParticleSystems":true},"in2DMode":false,"pivot":{"x":-1.7394297122955323,"y":-0.2776241600513458,"z":1.340889573097229},"rotation":{"x":0.01532828714698553,"y":0.984622597694397,"z":-0.12804794311523438,"w":0.11784422397613526},"size":15.563135147094727,"orthographic":false}