{"cameraMode":{"drawMode":0,"name":"Shaded","section":"Shading Mode"},"sceneLighting":false,"audioPlay":false,"sceneViewState":{"showFog":true,"showMaterialUpdate":true,"showSkybox":true,"showFlares":true,"showImageEffects":true,"showParticleSystems":true},"in2DMode":false,"pivot":{"x":0.0,"y":0.6280350089073181,"z":0.027925223112106324},"rotation":{"x":0.01210255827754736,"y":-0.9513373374938965,"z":0.30559882521629336,"w":0.03768615052103996},"size":2.891749143600464,"orthographic":false}