{"cameraMode":{"drawMode":0,"name":"Shaded","section":"Shading Mode"},"sceneLighting":false,"audioPlay":false,"sceneViewState":{"showFog":true,"showMaterialUpdate":true,"showSkybox":true,"showFlares":true,"showImageEffects":true,"showParticleSystems":true},"in2DMode":false,"pivot":{"x":1.7068719863891602,"y":0.5068130493164063,"z":-0.5100603103637695},"rotation":{"x":0.37237533926963808,"y":0.6255077123641968,"z":-0.45120182633399966,"w":0.5162302255630493},"size":110.5114517211914,"orthographic":false}