{"cameraMode":{"drawMode":0,"name":"Shaded","section":"Shading Mode"},"sceneLighting":false,"audioPlay":false,"sceneViewState":{"showFog":true,"showMaterialUpdate":true,"showSkybox":true,"showFlares":true,"showImageEffects":true,"showParticleSystems":true},"in2DMode":false,"pivot":{"x":-85.8506088256836,"y":-24.467954635620118,"z":60.345481872558597},"rotation":{"x":0.02056136727333069,"y":0.10450390726327896,"z":0.0021593926940113308,"w":-0.9943096041679382},"size":392.2005310058594,"orthographic":false}