{"cameraMode":{"drawMode":0,"name":"Shaded","section":"Shading Mode"},"sceneLighting":false,"audioPlay":false,"sceneViewState":{"showFog":true,"showMaterialUpdate":true,"showSkybox":true,"showFlares":true,"showImageEffects":true,"showParticleSystems":true},"in2DMode":false,"pivot":{"x":0.0,"y":0.6066802144050598,"z":2.9802322387695315e-8},"rotation":{"x":-0.21369613707065583,"y":-0.6285370588302612,"z":0.18538548052310944,"w":-0.7245049476623535},"size":2.5943291187286379,"orthographic":false}